-- MySQL dump 10.13  Distrib 8.0.20, for Linux (x86_64)
--
-- Host: localhost    Database: wild-series
-- ------------------------------------------------------
-- Server version	8.0.20-0ubuntu0.20.04.1

/*!40101 SET @OLD_CHARACTER_SET_CLIENT=@@CHARACTER_SET_CLIENT */;
/*!40101 SET @OLD_CHARACTER_SET_RESULTS=@@CHARACTER_SET_RESULTS */;
/*!40101 SET @OLD_COLLATION_CONNECTION=@@COLLATION_CONNECTION */;
/*!50503 SET NAMES utf8mb4 */;
/*!40103 SET @OLD_TIME_ZONE=@@TIME_ZONE */;
/*!40103 SET TIME_ZONE='+00:00' */;
/*!40014 SET @OLD_UNIQUE_CHECKS=@@UNIQUE_CHECKS, UNIQUE_CHECKS=0 */;
/*!40014 SET @OLD_FOREIGN_KEY_CHECKS=@@FOREIGN_KEY_CHECKS, FOREIGN_KEY_CHECKS=0 */;
/*!40101 SET @OLD_SQL_MODE=@@SQL_MODE, SQL_MODE='NO_AUTO_VALUE_ON_ZERO' */;
/*!40111 SET @OLD_SQL_NOTES=@@SQL_NOTES, SQL_NOTES=0 */;

--
-- Table structure for table `actor`
--

DROP TABLE IF EXISTS `actor`;
/*!40101 SET @saved_cs_client     = @@character_set_client */;
/*!50503 SET character_set_client = utf8mb4 */;
CREATE TABLE `actor` (
  `id` int NOT NULL AUTO_INCREMENT,
  `name` varchar(255) COLLATE utf8mb4_unicode_ci NOT NULL,
  PRIMARY KEY (`id`)
) ENGINE=InnoDB AUTO_INCREMENT=11 DEFAULT CHARSET=utf8mb4 COLLATE=utf8mb4_unicode_ci;
/*!40101 SET character_set_client = @saved_cs_client */;

--
-- Dumping data for table `actor`
--

LOCK TABLES `actor` WRITE;
/*!40000 ALTER TABLE `actor` DISABLE KEYS */;
INSERT INTO `actor` VALUES (1,'Andrew Lincoln'),(2,'Norman Reedus'),(3,'Lauren Cohan'),(4,'Danai Gurira'),(9,'Melissa McBride'),(10,'Steve Buscemi');
/*!40000 ALTER TABLE `actor` ENABLE KEYS */;
UNLOCK TABLES;

--
-- Table structure for table `actor_program`
--

DROP TABLE IF EXISTS `actor_program`;
/*!40101 SET @saved_cs_client     = @@character_set_client */;
/*!50503 SET character_set_client = utf8mb4 */;
CREATE TABLE `actor_program` (
  `actor_id` int NOT NULL,
  `program_id` int NOT NULL,
  PRIMARY KEY (`actor_id`,`program_id`),
  KEY `IDX_B01827EE10DAF24A` (`actor_id`),
  KEY `IDX_B01827EE3EB8070A` (`program_id`),
  CONSTRAINT `FK_B01827EE10DAF24A` FOREIGN KEY (`actor_id`) REFERENCES `actor` (`id`) ON DELETE CASCADE,
  CONSTRAINT `FK_B01827EE3EB8070A` FOREIGN KEY (`program_id`) REFERENCES `program` (`id`) ON DELETE CASCADE
) ENGINE=InnoDB DEFAULT CHARSET=utf8mb4 COLLATE=utf8mb4_unicode_ci;
/*!40101 SET character_set_client = @saved_cs_client */;

--
-- Dumping data for table `actor_program`
--

LOCK TABLES `actor_program` WRITE;
/*!40000 ALTER TABLE `actor_program` DISABLE KEYS */;
INSERT INTO `actor_program` VALUES (1,1),(1,6),(2,1),(3,1),(4,1),(9,1),(10,9);
/*!40000 ALTER TABLE `actor_program` ENABLE KEYS */;
UNLOCK TABLES;

--
-- Table structure for table `category`
--

DROP TABLE IF EXISTS `category`;
/*!40101 SET @saved_cs_client     = @@character_set_client */;
/*!50503 SET character_set_client = utf8mb4 */;
CREATE TABLE `category` (
  `id` int NOT NULL AUTO_INCREMENT,
  `name` varchar(255) COLLATE utf8mb4_unicode_ci NOT NULL,
  PRIMARY KEY (`id`)
) ENGINE=InnoDB AUTO_INCREMENT=13 DEFAULT CHARSET=utf8mb4 COLLATE=utf8mb4_unicode_ci;
/*!40101 SET character_set_client = @saved_cs_client */;

--
-- Dumping data for table `category`
--

LOCK TABLES `category` WRITE;
/*!40000 ALTER TABLE `category` DISABLE KEYS */;
INSERT INTO `category` VALUES (1,'Horreur'),(11,'History'),(12,'Comedy');
/*!40000 ALTER TABLE `category` ENABLE KEYS */;
UNLOCK TABLES;

--
-- Table structure for table `episode`
--

DROP TABLE IF EXISTS `episode`;
/*!40101 SET @saved_cs_client     = @@character_set_client */;
/*!50503 SET character_set_client = utf8mb4 */;
CREATE TABLE `episode` (
  `id` int NOT NULL AUTO_INCREMENT,
  `season_id` int DEFAULT NULL,
  `title` varchar(255) CHARACTER SET utf8mb4 COLLATE utf8mb4_unicode_ci NOT NULL,
  `number` int NOT NULL,
  `synopsis` longtext CHARACTER SET utf8mb4 COLLATE utf8mb4_unicode_ci NOT NULL,
  PRIMARY KEY (`id`),
  KEY `IDX_DDAA1CDA4EC001D1` (`season_id`),
  CONSTRAINT `FK_DDAA1CDA4EC001D1` FOREIGN KEY (`season_id`) REFERENCES `season` (`id`)
) ENGINE=InnoDB AUTO_INCREMENT=48 DEFAULT CHARSET=utf8mb4 COLLATE=utf8mb4_unicode_ci;
/*!40101 SET character_set_client = @saved_cs_client */;

--
-- Dumping data for table `episode`
--

LOCK TABLES `episode` WRITE;
/*!40000 ALTER TABLE `episode` DISABLE KEYS */;
INSERT INTO `episode` VALUES (1,11,'Steven Sees a Ghost',1,'While investigating a ghost story for his latest novel, a skeptical Steven receives a call from his sister that triggers a chain of fateful events. '),(2,11,'Open Casket',2,'A devastating family tragedy stirs memories of traumatic losses, reminding Shirley of her first brush with death -- and awakening long-dormant fears. '),(3,11,'Touch',3,'Keenly perceptive Theo sees shades of herself in a troubled young patient, a girl who\'s haunted by the menacing grin of \"Mr. Smiley.\" '),(4,11,'The Twin Thing',4,'Still wrestling with addiction -- and an unshakable fright -- a frantic Luke tries to save a friend while sensing his twin sister is in danger. '),(5,11,'The Bent-Neck Lady',5,'A dark specter with an unsettling silhouette has haunted Nell since she was a girl. Now \"the Bent-Neck Lady\" is back -- and she\'s calling Nell home. '),(6,11,'Two Storms',6,'It\'s a reunion for all the wrong reasons when Hugh flies in for the funeral, coming face to face with his estranged children on a dark, stormy night. '),(7,11,'Eulogy',7,'As the Crains gather to say their final goodbyes, a flashback reveals Mr. Dudley\'s connection to the house -- and exposes a secret in the walls. '),(8,11,'Witness Marks',8,'A familiar terror revisits Shirley and Theo on Halloween night as Hugh and Steve go looking for Luke, who disappeared on a deadly errand. '),(9,11,'Screaming Meemies',9,'While struggling to discern dreams from reality, Olivia fears for her children\'s safety, a motherly instinct Mrs. Dudley urges her to embrace. '),(10,11,'Silence Lay Steadily',10,'The Red Room\'s contents are finally revealed as the Crains return to the house to confront old ghosts, unspeakable secrets and an insatiable evil. '),(11,1,'Passé décomposé',1,'Dans le Kentucky, Rick Grimes, un policier, se réveille à l\'hôpital après plusieurs semaines de coma provoqué par une fusillade qui a mal tourné. Il découvre que le monde, ravagé par une épidémie, est envahi par les morts-vivants. Rick ne songe qu\'à une chose : retrouver sa femme Lori et son fils Carl. Il se rend chez lui mais constate qu\'ils ont disparu, puis rencontre Morgan et son fils Duane, qui se terrent dans leur maison. L\'homme lui explique que la seule façon de tuer les zombies est de les atteindre à la tête. Il lui indique aussi qu\'il existe un camp de réfugiés aux alentours d\'Atlanta... '),(12,1,'Tripes',2,'\nRick parvient à s\'extraire du char et rencontre un groupe de survivants avec le jeune Glenn, Andrea, Morales, T-Dog et Merle Dixon, un homme passablement raciste et énervé. Tous sont réfugiés dans un immeuble et se demandent comment en sortir. Les zombies tentent de prendre d\'assaut le bâtiment. Rick est obligé d\'attacher Dixon pour le calmer car son attitude envers T-Dog envenime la situation. Le petit groupe pense d\'abord à s\'échapper par les égouts. Dans le camp de réfugiés à l\'extérieur de la ville, Lori et Shane deviennent amants... '),(13,1,'T’as qu’à discuter avec les grenouilles',3,'\nRick, Glenn et le petit groupe de survivants parviennent à rejoindre le camp de réfugiés situé dans les montagnes aux alentours d\'Atlanta. Rick retrouve sa femme Lori et son fils Carl. Son ancien coéquipier, Shane, qui était devenu l\'amant de Lori, est forcément surpris du retour de Rick. Le cas de Merle Dixon fait débat : fallait-il le laisser attaché sur le toit sans défense ? La découverte d\'un mort-vivant aux abords du camp et le retour de Daryl Dixon, le frère de Merle, précipitent les choses : Rick décide de retourner à Atlanta pour délivrer Merle et récupérer des armes et des munitions... '),(14,1,'Le gang',4,'\nA Atlanta, Rick, Glenn, T-Dog et Daryl cherchent Merle, qui a réussi à s\'enfuir malgré sa main coupée. En voulant récupérer le sac d\'armes, ils rencontrent un autre groupe de survivants, qui eux aussi veulent s\'emparer des munitions. Le gang capture Glenn et les deux parties vont devoir négocier. Au camp en dehors de la ville, alors qu\'Andrea s\'est rapprochée de sa soeur Amy, Jim montre des signes d\'inquiétude. L\'homme ne cesse de creuser des tombes et semble perdre toute notion de la réalité. Les autres habitants du camp décident de l\'attacher de manière préventive... '),(15,1,'Feux de forêt',5,'\nAprès l\'attaque du campement, tous les survivants sont résignés et abattus. Andrea pleure sa soeur Amy, Shane reproche à Rick d\'être parti à Atlanta et d\'avoir laissé le camp sans renfort, mais c\'est surtout l\'état de santé de Jim qui inquiète. Il a été mordu par un mort-vivant et sa santé se dégrade. Rick cherche du soutien chez Lori et propose au groupe de quitter les montagnes pour essayer de trouver le centre de soins et de prévention des maladies infectieuses. Il pense que l\'endroit est encore protégé par l\'armée. Tous prennent la route alors que Jim est de plus en plus fiévreux... '),(16,1,'Sujet-test 19',6,'\nRick et les survivants pénètrent dans le centre de soins et de recherche sur les maladies infectieuses. Là, le docteur Edwin Jenner les accueille. Il est le seul scientifique présent et vit seul depuis plusieurs mois. Après avoir profité d\'un repos auquel ils n\'avaient plus goûté depuis longtemps, Rick, Shane et le groupe se posent beaucoup de questions sur ce qui s\'est passé dans le centre. Le docteur Jenner leur explique l\'état le plus avancé de la recherche sur ce qui transforme les morts en zombies. Mais la situation n\'est pas aussi idéale qu\'il n\'y paraît... '),(17,2,'Ce qui nous attend',1,'\nLes survivants se retrouvent bloqués sur une route envahie par des carcasses de voitures. Ils décident d\'en profiter pour siphonner les réservoirs. C\'est alors qu\'ils sont surpris par un groupe de zombies. Dale tente de superviser les opérations du haut du camion, tandis que Sophia, imprudente, est poursuivie par un groupe de zombies tenaces. Rick parvient à tuer les créatures qui menaçaient Sophia mais la jeune fille disparaît. Rick et les autres se lancent à sa poursuite..'),(18,2,'Saignée',2,'Otis, le chasseur, a indiqué à Rick que les habitants de la ferme pourraient sauver Carl, blessé par balles. Le policier, qui porte son fils inconscient, tente désespérément de rejoindre la ferme. Le docteur Hershel Greene, propriétaire de l\'endroit, pense pouvoir sauver le garçon en pratiquant une transfusion sanguine. Rick, qui possède le même groupe sanguin que son fils, donne son sang. Mais le médecin a besoin de matériel médical pour pouvoir opérer correctement. Otis et Shane se portent volontaires pour aller en chercher dans le lycée voisin. Pendant ce temps, Andrea est attaquée par un zombie. Elle est sauvée in extremis par Maggie, la fille de Hershel... '),(19,2,'Le tout pour le tout',3,'\nL\'angoisse règne toujours à la ferme. Le petit Carl est entre la vie et la mort. Les familles Greene et Grimes attendent des nouvelles de Shane et Otis, partis chercher du matériel médical au lycée. Mais ce qu\'ils ne savent pas, c\'est que Shane et Otis sont désormais prisonniers du lycée, qui est peu à peu envahi par une horde de zombies. De leur côté, Daryl et Andrea continuent à rechercher Sophia. '),(20,2,'Rose Cherokee',4,'\nTous les survivants se retrouvent à la ferme des Greene. Maggie et Glenn, profitant d\'une escapade au bourg voisin, se laissent aller à leur attirance mutuelle. Shane, depuis la mort d\'Otis, a du mal à dissimuler sa part sombre. Pendant ce temps, Daryl continue de chercher la jeune Sophia disparue... '),(21,2,'Le Chupacabra',5,'\nDans les bois aux alentours de la ferme de la famille Greene, Daryl s\'aventure à la recherche d\'indices sur la disparition de Sophia. Malencontreusement, il se blesse assez gravement. Pour ne rien arranger, il doit faire face à des zombies et malgré ses talents de chasseur, sa situation devient critique. Pendant ce temps, Rick devine qu\'il est en train de se passer quelque chose de grave. A la ferme d\'Herschel Greene, les relations entre Glenn et Maggie deviennent plus évidentes. Glenn a une appréciation positive sur l\'attitude de Maggie mais doute encore des sentiments naissants entre eux... '),(22,2,'Secrets',6,'Pour les survivants emmenés par Rick Grimes, les temps deviennent difficiles : alors que l\'humanité des uns et des autres est mise à rude épreuve et que le danger est omniprésent à cause des zombies, les relations entre humains sont constamment sur la corde raide. Le jeune Glenn devient ainsi le dépositaire de deux lourds secrets. Va-t-il en supporter le poids ? De son côté, Rick doit révéler un élément de la vie d\'une personne proche de lui. Qu\'en sera-t-il des conséquences ? Andrea, quant à elle, développe de nouvelles aptitudes et doit s\'en servir lors d\'un affrontement sans merci... '),(23,2,'Déjà plus ou moins mort',7,'\nEntre les survivants, emmenés par Rick, et les habitants de la ferme Greene, les discussions sont vives sur l\'attitude à adopter face au monde et ce qu\'il est devenu. Hershel refuse de voir une certaine réalité. Andrea, de son côté, affirme sa personnalité et sort peu à peu de sa coquille. Entre les secrets des uns et des autres, l\'ambiance devient pesante. Mais tous prennent de plus en plus conscience que dans ce monde devenu un enfer permanent, tout un chacun est considéré comme de la nourriture pour les autres... '),(24,2,'Nebraska',8,'Les morts vivants retenus dans la grange ont tous été tués. La tension monte d\'un cran au sein du petit groupe de survivants. Hershel Greene veut que Rick et ses amis quittent immédiatement sa ferme. Shane s\'en prend à Rick et l\'accuse de ne pas être assez réaliste sur la situation, sachant que Sophia se trouvait dans la grange. Dale prévient Andrea et Lori de se méfier de Shane et de sa personnalité trouble, d\'autant plus qu\'il le soupçonne de ne pas avoir dit toute la vérité sur la mort d\'Otis... '),(25,2,'Le Doigt sur la détente',9,'Pour les survivants, la situation ne s\'améliore pas. Après les multiples dissensions qui ont fait exploser le groupe, où l\'attitude de Shane a été un élément déterminant, chacun tente de suivre sa propre voie. Rick et Glenn ont suivi Hershel lorsqu\'il est parti en ville alors qu\'il s\'était fait une règle de ne jamais quitter sa ferme. Malencontreusement, les trois hommes se retrouvent pris au piège et doivent se battre contre des morts-vivants. De son côté, Shane découvre que Lori est en danger... '),(26,2,'A dix-huit miles, au moins',10,'\nRick, accompagné de Shane, emmène Randall au plus loin de la ferme des Greene pour le perdre afin qu\'il n\'en retrouve pas le chemin. Ils l\'abandonnent dans une ancienne école et se disputent quant à son sort. Shane veut l\'exécuter alors que Rick demande une nuit pour réfléchir à cette question. Mais les trois hommes sont attaqués par des rôdeurs. A la ferme, Beth, désespérée de vivre dans un monde aussi violent, veut mettre fin à ses jours. Lori et Andrea n\'ont pas la même opinion sur l\'attitude à adopter vis-à-vis d\'elle. Quant à Maggie, elle cherche surtout à protéger sa soeur... '),(27,2,'Juge, Juré et Bourreau',11,'\nAlors que l\'hiver approche et que les survivants tentent de s\'organiser pour rester loin des ennuis et des morts-vivants qui rôdent aux alentours, l\'ambiance dans le groupe est toujours aussi pesante. Rick et Shane ne s\'entendent pas sur l\'attitude à adopter vis-à-vis de Randall. A la ferme, Dale s\'interroge sur la part d\'humanité qui subsiste encore dans le groupe. Les actions du jeune Carl portent à conséquences. Quant à Beth, Andrea et Lori continuent de la surveiller après sa tentative de suicide... '),(28,2,'Les Meilleurs Anges de notre nature',12,'\nDale a été attaqué par un rôdeur aux alentours de la ferme et il n\'a pas survécu à ses blessures. Tout le monde dans le groupe est choqué par sa disparition, car il représentait une part d\'humanité dans ce monde violent. Rick, Shane et les autres doivent maintenant redoubler d\'attention car les rôdeurs peuvent frapper à n\'importe quel moment. Leur priorité reste la sécurité du groupe. De plus, Randall pose problème. Rick voulait le tuer mais il n\'a pas pu l\'exécuter sous les yeux de son fils. Le jeune homme est-il fiable ?... '),(29,2,'Près du feu mourant',13,'\nDe retour des bois qui entourent la ferme, Rick et son fils Carl découvrent que l\'endroit où ils vivent depuis plusieurs semaines est devenu un véritable chaos. Le petit groupe de survivants est complètement séparé et les derniers semblants d\'unité ont volé en éclats. La ferme des Greene n\'est plus le havre de paix espéré par certains. De plus, le leadership de Rick sur le groupe est désormais remis en cause... '),(30,21,'L\'avantage de Sonnie',1,'\nDans l\'univers des combats de \"bêtes\", Sonnie reste imbattable tant qu\'elle garde son mordant. '),(31,21,'Les trois robots',2,'\nBien après la disparition de l\'espèce humaine, trois robots visitent les vestiges d\'une ville anéantie. '),(32,21,'Le témoin',3,'Après avoir été témoin d\'un meurtre, une femme tente d\'échapper à l\'assassin dans les rues d\'une ville surréaliste. '),(33,21,'Des fermiers équipés',4,'\nDes fermiers utilisent leurs propres robots pour défendre leur communauté d\'une terrible invasion extraterrestre. '),(34,21,'Un vieux démon',5,'\nLibéré d\'un site archéologique, un démon assoiffé de sang affronte une équipe de mercenaires armée de... chats ! '),(35,21,'La revanche du yaourt',6,'Un yaourt super-intelligent accidentellement développé en laboratoire est déterminé à dominer le monde. '),(36,21,'Derrière la faille',7,'L\'équipage d\'un vaisseau à la dérive se réveille à des années-lumière de sa trajectoire d\'origine.'),(37,21,'Bonne chasse',8,'\nLe fils d\'un chasseur d\'esprits se lie d\'amitié avec un hulijing métamorphe. '),(38,21,'La décharge',9,'\nDave l\'Affreux est chez lui dans cette décharge, et il refuse de laisser un citadin l\'expulser de son domaine. '),(39,21,'Métamorphes',10,'\nEn Afghanistan, deux Marines aux pouvoirs surnaturels doivent affronter une menace unique en son genre. '),(40,21,'Le coup de main',11,'\nUne astronaute échouée en orbite doit choisir entre sa vie et un membre avant d\'épuiser ses réserves d\'oxygène. '),(41,21,'Les esprits de la nuit',12,'\nDeux représentants tombés en panne au milieu du désert se retrouvent propulsés dans un rêve préhistorique. '),(42,21,'Lucky 13',13,'Une bizut hérite du Lucky 13, un vaisseau maudit à bord duquel deux équipages ont mystérieusement disparu. '),(43,21,'L\'oeuvre de Zima',14,'Un brillant artiste se rappelle son passé et son ascension vers la gloire avant de révéler son chef-d\'œuvre final. '),(44,21,'Angle mort',15,'Un gang de cyborgs cambrioleurs s\'attaque à un convoi lourdement armé. '),(45,21,'L\'âge de glace',16,'Après avoir emménagé dans un nouvel appartement, un couple découvre une civilisation perdue dans un congélateur. '),(46,21,'Histoires alternatives',17,'Dans Multiversity, Hitler connaît plusieurs fins tragiques, à la fois fantastiques et comiques. '),(47,21,'Un guerre secrète',18,'\nLes unités d\'élite de l\'Armée rouge combattent une présence diabolique au cœur des forêts de Sibérie. ');
/*!40000 ALTER TABLE `episode` ENABLE KEYS */;
UNLOCK TABLES;

--
-- Table structure for table `program`
--

DROP TABLE IF EXISTS `program`;
/*!40101 SET @saved_cs_client     = @@character_set_client */;
/*!50503 SET character_set_client = utf8mb4 */;
CREATE TABLE `program` (
  `id` int NOT NULL AUTO_INCREMENT,
  `title` varchar(255) COLLATE utf8mb4_unicode_ci NOT NULL,
  `synopsis` varchar(255) COLLATE utf8mb4_unicode_ci NOT NULL,
  `poster` varchar(255) COLLATE utf8mb4_unicode_ci NOT NULL,
  `country` varchar(255) COLLATE utf8mb4_unicode_ci NOT NULL,
  `year` int NOT NULL,
  `category_id` int DEFAULT NULL,
  PRIMARY KEY (`id`),
  KEY `IDX_92ED778412469DE2` (`category_id`),
  CONSTRAINT `FK_92ED778412469DE2` FOREIGN KEY (`category_id`) REFERENCES `category` (`id`)
) ENGINE=InnoDB AUTO_INCREMENT=10 DEFAULT CHARSET=utf8mb4 COLLATE=utf8mb4_unicode_ci;
/*!40101 SET character_set_client = @saved_cs_client */;

--
-- Dumping data for table `program`
--

LOCK TABLES `program` WRITE;
/*!40000 ALTER TABLE `program` DISABLE KEYS */;
INSERT INTO `program` VALUES (1,'Walking Dead','Le policier Rick Grimes se réveille après un long coma. Il découvre avec effarement que le monde, ravagé par une épidémie, est envahi par les morts-vivants.','https://m.media-amazon.com/images/M/MV5BZmFlMTA0MmUtNWVmOC00ZmE1LWFmMDYtZTJhYjJhNGVjYTU5XkEyXkFqcGdeQXVyMTAzMDM4MjM0._V1_.jpg','USA',2010,1),(2,'The Haunting Of Hill House','Plusieurs frères et sœurs qui, enfants, ont grandi dans la demeure qui allait devenir la maison hantée la plus célèbre des États-Unis, sont contraints de se réunir pour finalement affronter les fantômes de leur passé.','https://m.media-amazon.com/images/M/MV5BMTU4NzA4MDEwNF5BMl5BanBnXkFtZTgwMTQxODYzNjM@._V1_SY1000_CR0,0,674,1000_AL_.jpg','USA',2010,1),(3,'American Horror Story','A chaque saison, son histoire. American Horror Story nous embarque dans des récits à la fois poignants et cauchemardesques, mêlant la peur, le gore et le politiquement correct.','https://m.media-amazon.com/images/M/MV5BODZlYzc2ODYtYmQyZS00ZTM4LTk4ZDQtMTMyZDdhMDgzZTU0XkEyXkFqcGdeQXVyMzQ2MDI5NjU@._V1_SY1000_CR0,0,666,1000_AL_.jpg','USA',2010,1),(4,'Love Death And Robots','Un yaourt susceptible, des soldats lycanthropes, des robots déchaînés, des monstres-poubelles, des chasseurs de primes cyborgs, des araignées extraterrestres et des démons assoiffés de sang...','https://m.media-amazon.com/images/M/MV5BMTc1MjIyNDI3Nl5BMl5BanBnXkFtZTgwMjQ1OTI0NzM@._V1_SY1000_CR0,0,674,1000_AL_.jpg','USA',2010,1),(5,'Penny Dreadful','Dans le Londres ancien, Vanessa Ives, une jeune femme puissante aux pouvoirs hypnotiques, allie ses forces à celles d’Ethan, un garçon rebelle et violent aux allures de cowboy, et de Sir Malcolm, un vieil homme riche aux ressources inépuisables.','https://m.media-amazon.com/images/M/MV5BNmE5MDE0ZmMtY2I5Mi00Y2RjLWJlYjMtODkxODQ5OWY1ODdkXkEyXkFqcGdeQXVyNjU2NjA5NjM@._V1_SY1000_CR0,0,695,1000_AL_.jpg','USA',2010,1),(6,'Fear The Walking Dead','La série se déroule au tout début de l épidémie relatée dans la série-mère The Walking Dead et se passe dans la ville de Los Angeles, et non à Atlanta. Madison est conseillère dans un lycée de Los Angeles.','https://m.media-amazon.com/images/M/MV5BYWNmY2Y1NTgtYTExMS00NGUxLWIxYWQtMjU4MjNkZjZlZjQ3XkEyXkFqcGdeQXVyMzQ2MDI5NjU@._V1_SY1000_CR0,0,666,1000_AL_.jpg','USA',2010,1),(8,'Kingdom','While strange rumors about their ill King grip a kingdom, the crown prince becomes their only hope against a mysterious plague overtaking the land.','https://fr.web.img4.acsta.net/pictures/18/12/24/09/53/1626925.jpg','South Korea',2019,1),(9,'Boardwalk Empire','An Atlantic City politician plays both sides of the law by conspiring with gangsters during the Prohibition era.','https://media.senscritique.com/media/000006477036/source_big/Boardwalk_Empire.jpg','United States',2010,11);
/*!40000 ALTER TABLE `program` ENABLE KEYS */;
UNLOCK TABLES;

--
-- Table structure for table `season`
--

DROP TABLE IF EXISTS `season`;
/*!40101 SET @saved_cs_client     = @@character_set_client */;
/*!50503 SET character_set_client = utf8mb4 */;
CREATE TABLE `season` (
  `id` int NOT NULL AUTO_INCREMENT,
  `program_id` int NOT NULL,
  `number` int NOT NULL,
  `year` int NOT NULL,
  `description` longtext CHARACTER SET utf8mb4 COLLATE utf8mb4_unicode_ci NOT NULL,
  PRIMARY KEY (`id`),
  KEY `IDX_F0E45BA93EB8070A` (`program_id`),
  CONSTRAINT `FK_F0E45BA93EB8070A` FOREIGN KEY (`program_id`) REFERENCES `program` (`id`)
) ENGINE=InnoDB AUTO_INCREMENT=30 DEFAULT CHARSET=utf8mb4 COLLATE=utf8mb4_unicode_ci;
/*!40101 SET character_set_client = @saved_cs_client */;

--
-- Dumping data for table `season`
--

LOCK TABLES `season` WRITE;
/*!40000 ALTER TABLE `season` DISABLE KEYS */;
INSERT INTO `season` VALUES (1,1,1,2010,'Rick Grimes, shérif adjoint, se réveille à l\'hôpital après un long coma de plusieurs mois. Il découvre grâce à Morgan Jones que la population entière a été ravagée par une épidémie d\'origine inconnue, qui est envahie par les morts-vivants. Parti sur les traces de sa femme Lori et de son fils Carl, Rick arrive à Atlanta où, avec un groupe de rescapés, il va devoir apprendre à survivre et à tuer tout en cherchant une solution ou un remède.'),(2,1,2,2011,'Lors de la deuxième saison le groupe de survivants mené par Rick Grimes tente de survivre dans un monde envahi par les rôdeurs, arrivant dans une ferme et découvrant peu à peu des éléments expliquant l\'épidémie.\n    La famille Greene rejoint le groupe car de nouveaux liens se sont tissés entre certains personnages mais tous ne resteront pas indemnes, leur avenir étant incertain et de plus en plus hostile, dévasté au fil du temps.'),(3,1,3,2012,'La troisième saison ne reprend que quelques mois plus tard, après l\'hiver, alors que le groupe erre dans un monde hostile sans vivres ni endroit sûr où se reposer. Ils découvrent un pénitencier très bien clôturé, voyant là un endroit propice à leur établissement définitif plutôt que de survivre sur les routes ou de se rendre à Fort Bennings. D\'autant plus que la grossesse de Lori arrive à son terme. Cependant, la prison est remplie de rôdeurs et les membres du groupe doivent se battre pour s\'installer et obtenir un peu de sécurité et de sérénité. Mais ils ne seront pas seuls entre ses murs.\n    De son côté, Andrea, qui erre dans la nature au côté de Michonne depuis des mois, fait la connaissance de Philip Blake, alias le Gouverneur, qui dirige la ville de Woodbury dans laquelle elles sont accueillies. Au cours de différents événements, une bataille éclate entre les membres de la prison et les habitants de Woodbury après l\'enlèvement de Glenn et Maggie par une ancienne connaissance travaillant pour le Gouverneur. Andrea sera elle partagée entre ses amis et son amour pour le Gouverneur.'),(4,1,4,2013,'La quatrième saison prend place plusieurs mois après l\'attaque du Gouverneur. Le groupe de la prison affronte de nouvelles difficultés et le parcours du Gouverneur est retracé dans deux épisodes ; tandis que les problèmes s\'enchaînent, les rôdeurs s\'agglutinent toujours plus nombreux devant les grillages de la prison. Ils finissent par se séparer, la prison étant désormais envahie par les rôdeurs, en se scindant en plusieurs groupes, lors de la fuite occasionnée par l\'attaque du Gouverneur.\n    Ainsi Rick et Carl qui ont fui de leur côté seront rejoints par Michonne, puis Daryl un peu plus tard, tandis que Maggie, Sasha et Bob se retrouvent ensemble. Tara et Glenn sont tous deux seuls. Enfin, Tyreese est parvenu à s\'échapper avec les enfants à travers les bois et tente difficilement de les protéger des hordes de rôdeurs qui les attaquent, puis ils seront rejoints par Carol. Ainsi, chacun de leur côté, ils suivront le même chemin : celui du Terminus où un groupe de survivants est mené par un certain Gareth.'),(5,1,5,2014,'La cinquième saison commence très peu de temps après l\'enfermement du groupe de Rick dans le wagon A au Terminus. Ils commencent à construire des armes à partir de leurs vêtements, leurs ceintures et du bois. Le groupe se prépare à attaquer ses ravisseurs à son entrée dans le conteneur, mais rien ne se passe comme prévu.\n    Après les terribles événements, le groupe de survivants continue sa route, les menant à l\'église Sainte-Sarah de Gabriel Stokes. Ils seront confrontés au retour du groupe cannibale de Gareth. Ils vont aussi devoir aller au Grady Memorial Hospital où Beth est retenue. Plus tard, ils découvrent une nouvelle communauté qui va changer considérablement leur mode de vie. Cette communauté s\'appelle Alexandria, elle est dirigée par Deanna.'),(6,1,6,2015,'La sixième saison reprend juste après l\'exécution de Pete. Devenus membres de la communauté d\'Alexandria, Rick et ses coéquipiers vont devoir faire face à des agressions venant aussi bien de l\'extérieur que de l\'intérieur. Ils seront alors attaqués par un groupe particulièrement barbare et sanguinaire lors de la première moitié de la saison : les Wolves.\n    La deuxième moitié de la saison révèle la présence de deux autres communautés : la Colline, qui ressemble un peu à Alexandria et les Sauveurs, principaux antagonistes qui obligent la Colline à leur fournir la moitié de leurs ressources. Le groupe des Sauveurs, sauvage et brutal est dirigé par le mystérieux et terrifiant Negan. Ce dernier menace la vie de Rick et de ses compagnons, mais ces derniers résistent et parviennent à en éliminer un certain nombre. Cependant, Negan et les Sauveurs arrivent à les piéger et à les capturer. Et afin de les asservir, il décide de les punir par l\'exécution d\'un des membres du groupe de Rick, en représailles pour les Sauveurs qui ont été décimés.'),(7,1,7,2016,'La septième saison reprend à partir des événements précédents de la sixième saison. Negan insuffle la peur et la crainte dans l\'esprit de Rick et son groupe après avoir exécuté Glenn et Abraham, plus la rébellion de Daryl, qui est par la suite emprisonné. Le groupe, alors amputé de trois membres, doit répondre aux besoins et ordres du chef des Sauveurs sous peine de nouvelles représailles.\n    Après la rébellion de Rosita face à Negan, il exécute Olivia et Spencer puis enlève Eugene. Alexandria, qui est désormais mené par Rick, s\'associe à la Colline et au Royaume, mené par le roi Ezekiel et sa tigresse nommée Shiva, pour contrer Negan et le reste des Sauveurs.'),(8,1,8,2017,'À la suite de l\'alliance menée par Rick entre les trois communautés contre Negan et les Sauveurs : Alexandria, la Colline et le Royaume s\'unissent pour leur livrer une véritable guerre. Rick, Maggie et Ezekiel vont donc mener leurs troupes dans des batailles sans pitié afin d\'éradiquer les Sauveurs de la carte mais certains feront face à des enjeux moraux et la guerre pourrait ne pas se dérouler comme le voulait Rick. La guerre totale entre Rick et Negan est rendue au point de non-retour. Un duel entre Rick et Negan est inévitable. Lors de cet affrontement, Rick gagne en égorgeant Negan mais il ne le tue pas et choisit de l\'enfermer en cellule pour lui faire la morale. En faisant ce choix, il rend un dernier hommage aux conseils de son fils Carl, qui est quant à lui mort, ne pouvant profiter de la fin de cette guerre. Pourtant, Maggie se laisse ronger par la vengeance, le traumatisme de la mort de Glenn marque son attitude; elle n\'accepte pas le repentir des Sauveurs, et fomente leur fin.'),(9,1,9,2018,'Un an et demi après la terrible guerre qui a opposé l\'Alliance menée par Rick et les Sauveurs menés par Negan, la vie semble s\'être apaisée et un semblant de civilisation commence à renaître grâce aux travaux de Rick. Mais la cohabitation avec les Sauveurs reste remplie de tensions et certains ont du mal à s\'y habituer. Tandis que les tensions grandissent de plus en plus, personne n\'aperçoit le véritable danger qui arrive et qui pourrait changer leur vie à tout jamais. Les Chuchoteurs menés par Alpha et Beta arrivent.'),(10,1,10,2019,'Quelques mois après les événements décrits dans la saison précédente, les habitants d\'Alexandria et de la Colline vivent selon les nouvelles règles d\'Alpha. La paranoïa est présente et certains ont du mal à respecter les frontières imposées par les Chuchoteurs surtout après la mort de dix des leurs. Lorsqu\'un satellite s\'écrase en territoire Chuchoteurs, les protagonistes n\'ont pas d\'autre choix que de franchir la frontière pour éteindre le feu. Une décision qui ne va pas plaire à Alpha, qui va en profiter pour agrandir son territoire. La guerre contre les Chuchoteurs n\'a jamais été aussi proche et il se pourrait que les héros trouvent des alliés inattendus. Alpha et Bêta pensent être la fin du monde et comptent bien le prouver. '),(11,2,1,2018,'Plusieurs frères et sœurs qui, enfants, ont grandi dans la demeure qui allait devenir la maison hantée la plus célèbre des États-Unis sont contraints de se retrouver pour faire face à cette tragédie ensemble. La famille doit enfin affronter les fantômes de son passé, dont certains sont encore bien présents dans leurs esprits alors que d’autres continuent de traquer Hill House. '),(12,3,1,2011,'Murder House - Les esprits rôdent et sont bien décidés à torturer la famille Harmon, afin de les confronter à leurs plus grandes peurs...'),(13,3,2,2012,' Asylum - L\'arrivée d\'un nouvel élément perturbateur, surnommé \"Bloody Face\" et dont on dit qu\'il a décapité et dépecé trois femmes, dont sa petite amie, entraîne une escalade de violence à la clinique psychiatrique de Briarcliff...'),(14,3,3,2013,' Coven - A la Nouvelle-Orléans, une école spécialisée accueille les plus jeunes sorcières dont Zoé, une jeune fille qui cache un lourd secret.'),(15,3,4,2014,'Freak Show - Les coulisses d\'une troupe de forains dans l\'Amérique profonde des années 1950.'),(16,3,5,2015,'Hotel - Drames et cauchemars dans un mystérieux hôtel de Los Angeles, fréquenté par d\'étranges créatures.'),(17,3,6,2016,' Mon cauchemar à Roanoke - Le cauchemar d\'un couple s\'installant dans une petite ville de l\'Amérique profonde, raconté à la façon d\'un docu-fiction alternant témoignages des protagonistes et séquences reconstituées par des acteurs. '),(18,3,7,2017,'Cult - Bouleversée par la victoire de Donald Trump à l\'élection présidentielle, une jeune femme est terrorisée par d\'effrayants clowns. Cauchemar ou réalité ?'),(19,3,8,2018,'Apocalypse - À la suite d\'une apocalypse, quelques \"élus\" triés sur le volet survivent dans un bunker protégé. Alors que les tensions montent, une question hante les esprits : le véritable enfer est-il à l\'extérieur, dans le désert nucléaire, ou avec eux, dans cet inquiétant lieu clos ?'),(20,3,9,2019,'1984 - Durant l\'été 1984, cinq amis se font engager comme moniteurs au Camp Redwood. Très vite, ils découvrent qu\'il y a quelque chose d\'encore plus terrifiant que les histoires de feu de camp.'),(21,4,1,2019,'Un yaourt susceptible, des soldats lycanthropes, des robots déchaînés, des monstres-poubelles, des chasseurs de primes cyborgs, des araignées extraterrestres et des démons de l\'enfer assoiffés de sang : tout ce beau monde est réuni dans 18 courts d\'animation déconseillés aux âmes sensibles. '),(22,5,1,2014,'Dans le Londres de l\'époque Victorienne, Vanessa Ives, une jeune femme puissante aux pouvoirs hypnotiques, allie ses forces à celles d\'Ethan, un garçon rebelle et violent aux allures de cowboy, et de Sir Malcolm, un vieil homme riche aux ressources inépuisables. Ensemble, ils combattent un ennemi inconnu, presque invisible, qui ne semble pas humain et qui massacre la population...'),(23,5,2,2015,'Penny Dreadful\nSynopsis\nAlors que les étranges pouvoirs de Vanessa Ives se développent, des forces sournoises lancent des sorts à ses proches. Dans ce monde troublant, où les personnages les plus emblématiques et terrifiants de la littérature errent dans les rues, des alliances improbables se forment pour combattre des tentations inimaginables.'),(24,5,3,2016,'Et si le seul moyen de combattre nos démons était de les laisser prendre le dessus ? Confrontés à de nouvelles atrocités dans de nouvelles contrées, Ethan Chandler, Dr. Frankenstein, Dorian Gray, Sir Malcolm, la Créature ainsi que la funeste Lily doivent chacun affronter et ne faire plus qu’un avec la facette la plus monstrueuse de leur personnalité. Mais pour Vanessa Ives, accepter ses démons pourrait lui coûter très cher et plonger le monde dans d’éternelles ténèbres.'),(25,6,1,2015,'A Los Angeles, Nick Clark, un jeune toxicomane qui accumule les problèmes, se réveille dans une église abandonnée et découvre son amie en train de dévorer la mâchoire d’un cadavre. Révélant ce qu’il a vu, sa famille pense qu’il s’agit d’hallucinations liées à sa consommation de drogue, même si de nombreux phénomènes étranges se produisent en ville. Mais Madison, sa mère, qui ne croit pas les histoires de son fils et encore moins les rumeurs d’épidémie mortelle qui courent dans le lycée où elle travaille, se rend vite compte que l’apocalypse vient de débuter.'),(26,6,2,2016,'Après avoir assisté à la destruction de la ville de Los Angeles, Travis, Madison et leur famille sont montés à bord du yacht Abigail. Inconscients de l’ampleur de l’apocalypse qui a touché le pays, ils espèrent regagner la terre ferme et trouver refuge dans un endroit épargné par l’infection. Dans le même temps, l’opération Cobalt, menée par les militaires pour enrayer la propagation de l’épidémie, déclenche une migration massive des zombies vers les côtes.'),(27,6,3,2017,'Alors que Madison et les siens tentent de rétablir un semblant de civilisation à la frontière mexicaine, Alicia a bien du mal à dépasser le meurtre d\'Andres. Pour survivre aux menaces, la petite bande forme de nouvelles alliances et va devoir faire face à de lourdes pertes. De son côté, Nick est plus vulnérable que jamais après l’enlèvement de Luciana par un groupe armé américain.'),(28,6,4,2018,'Morgan Jones, qui a quitté la Georgie, se dirige vers le Texas et croise la route de Madison et de sa famille. Ensemble, ils trouvent refuge dans un stade de baseball dans lequel ils fondent une nouvelle communauté. Mais le groupe doit faire face aux Vautours, des survivants qui attendent la mort d’autres camps pour se procurer toutes les ressources nécessaires. Pour assurer leur futur dans ce monde apocalyptique, tous devront une fois encore se montrer soudés afin de se défaire des morts et des vivants qui les mettent en péril.'),(29,6,5,2019,'Morgan Jones dirige le groupe avec une philosophie empreinte de bienveillance, de détermination et d\'espoir. Leur mission est claire : ils doivent localiser les survivants et aider à améliorer ce qui reste du monde. Chacun pense qu\'en aidant les autres cela leur permettra de réparer les torts de leur passé. Mais la confiance n\'est pas un sentiment facile à gagner. Leur volonté d\'altruisme est mise à rude épreuve lorsque le groupe se retrouve au milieu d\'un territoire inconnu. Ils vont devoir affronter leur passé mais aussi leurs peurs...');
/*!40000 ALTER TABLE `season` ENABLE KEYS */;
UNLOCK TABLES;
/*!40103 SET TIME_ZONE=@OLD_TIME_ZONE */;

/*!40101 SET SQL_MODE=@OLD_SQL_MODE */;
/*!40014 SET FOREIGN_KEY_CHECKS=@OLD_FOREIGN_KEY_CHECKS */;
/*!40014 SET UNIQUE_CHECKS=@OLD_UNIQUE_CHECKS */;
/*!40101 SET CHARACTER_SET_CLIENT=@OLD_CHARACTER_SET_CLIENT */;
/*!40101 SET CHARACTER_SET_RESULTS=@OLD_CHARACTER_SET_RESULTS */;
/*!40101 SET COLLATION_CONNECTION=@OLD_COLLATION_CONNECTION */;
/*!40111 SET SQL_NOTES=@OLD_SQL_NOTES */;

-- Dump completed on 2020-06-08 12:10:44
